{
  "metrics": {
    "_api_": {
      "contains": "default",
      "type": "trend",
      "values": {
        "avg": 180.80011246938778,
        "max": 506.557963,
        "med": 129.042622,
        "min": 41.857138,
        "p(90)": 338.0651794000001,
        "p(95)": 398.7335966
      }
    },
    "_api__item": {
      "contains": "default",
      "type": "trend",
      "values": {
        "avg": 0,
        "max": 0,
        "med": 0,
        "min": 0,
        "p(90)": 0,
        "p(95)": 0
      }
    },
    "_api_activities": {
      "contains": "default",
      "type": "trend",
      "values": {
        "avg": 10621.9806027551,
        "max": 30194.511083,
        "med": 1086.277722,
        "min": 399.220328,
        "p(90)": 30102.3007312,
        "p(95)": 30108.2228884
      }
    },
    "_api_activities_item": {
      "contains": "default",
      "type": "trend",
      "values": {
        "avg": 0,
        "max": 0,
        "med": 0,
        "min": 0,
        "p(90)": 0,
        "p(95)": 0
      }
    },
    "_api_activity_progress_labels": {
      "contains": "default",
      "type": "trend",
      "values": {
        "avg": 422.5941384081632,
        "max": 839.801968,
        "med": 412.416777,
        "min": 149.62971,
        "p(90)": 602.1035840000001,
        "p(95)": 664.5404345999997
      }
    },
    "_api_activity_progress_labels_item": {
      "contains": "default",
      "type": "trend",
      "values": {
        "avg": 332.6222073265305,
        "max": 599.300785,
        "med": 311.137462,
        "min": 67.857204,
        "p(90)": 505.12202160000004,
        "p(95)": 556.7915954
      }
    },
    "_api_activity_responsibles": {
      "contains": "default",
      "type": "trend",
      "values": {
        "avg": 1405.8533892857145,
        "max": 2188.322685,
        "med": 1346.281874,
        "min": 743.92707,
        "p(90)": 1831.0615638000006,
        "p(95)": 2061.6845695999996
      }
    },
    "_api_activity_responsibles_item": {
      "contains": "default",
      "type": "trend",
      "values": {
        "avg": 355.9737978163265,
        "max": 685.271332,
        "med": 360.216158,
        "min": 55.96816,
        "p(90)": 551.224412,
        "p(95)": 571.4097253999998
      }
    },
    "_api_camp_collaborations": {
      "contains": "default",
      "type": "trend",
      "values": {
        "avg": 9504.112681612243,
        "max": 12202.811688,
        "med": 9749.057023,
        "min": 6830.270295,
        "p(90)": 10924.9920944,
        "p(95)": 11209.884810999998
      }
    },
    "_api_camp_collaborations_item": {
      "contains": "default",
      "type": "trend",
      "values": {
        "avg": 675.6735620612245,
        "max": 1270.585693,
        "med": 754.373287,
        "min": 107.372788,
        "p(90)": 1035.1908316000001,
        "p(95)": 1062.107474
      }
    },
    "_api_camps": {
      "contains": "default",
      "type": "trend",
      "values": {
        "avg": 4796.772416061224,
        "max": 8094.281479,
        "med": 5211.453599,
        "min": 832.585043,
        "p(90)": 6735.3948132000005,
        "p(95)": 7156.684374399999
      }
    },
    "_api_camps_item": {
      "contains": "default",
      "type": "trend",
      "values": {
        "avg": 663.2438107142858,
        "max": 1398.145831,
        "med": 684.789234,
        "min": 107.106986,
        "p(90)": 1195.7478956,
        "p(95)": 1261.5317385999997
      }
    },
    "_api_categories": {
      "contains": "default",
      "type": "trend",
      "values": {
        "avg": 6668.0914054693885,
        "max": 16914.579721,
        "med": 6459.113749,
        "min": 514.398042,
        "p(90)": 11736.587821400002,
        "p(95)": 16264.357552399999
      }
    },
    "_api_categories_item": {
      "contains": "default",
      "type": "trend",
      "values": {
        "avg": 262.9064000204082,
        "max": 870.922675,
        "med": 282.218043,
        "min": 0,
        "p(90)": 569.2694864,
        "p(95)": 687.3730676
      }
    },
    "_api_checklist_items": {
      "contains": "default",
      "type": "trend",
      "values": {
        "avg": 604.6051366734694,
        "max": 1200.090729,
        "med": 600.80832,
        "min": 116.726064,
        "p(90)": 981.0264630000003,
        "p(95)": 1097.8366974
      }
    },
    "_api_checklist_items_item": {
      "contains": "default",
      "type": "trend",
      "values": {
        "avg": 332.02478730612245,
        "max": 741.560076,
        "med": 333.790959,
        "min": 49.178291,
        "p(90)": 546.8339838000002,
        "p(95)": 599.9376298
      }
    },
    "_api_checklists": {
      "contains": "default",
      "type": "trend",
      "values": {
        "avg": 370.4662229387755,
        "max": 802.071426,
        "med": 313.244489,
        "min": 42.711773,
        "p(90)": 683.9719198,
        "p(95)": 748.5519015999994
      }
    },
    "_api_checklists_item": {
      "contains": "default",
      "type": "trend",
      "values": {
        "avg": 305.54116761224486,
        "max": 597.224977,
        "med": 299.75534,
        "min": 47.845067,
        "p(90)": 501.18773760000005,
        "p(95)": 588.7403075999999
      }
    },
    "_api_content_node_checklist_nodes": {
      "contains": "default",
      "type": "trend",
      "values": {
        "avg": 1088.2473742978723,
        "max": 2281.503974,
        "med": 982.063589,
        "min": 211.525375,
        "p(90)": 1704.5740362,
        "p(95)": 2034.008409499999
      }
    },
    "_api_content_node_checklist_nodes_item": {
      "contains": "default",
      "type": "trend",
      "values": {
        "avg": 461.6920327872341,
        "max": 1207.439479,
        "med": 498.174825,
        "min": 0,
        "p(90)": 737.8955609999998,
        "p(95)": 796.0212452
      }
    },
    "_api_content_node_column_layouts": {
      "contains": "default",
      "type": "trend",
      "values": {
        "avg": 6270.064965638298,
        "max": 12210.640334,
        "med": 6603.892906,
        "min": 1581.262832,
        "p(90)": 9555.223946999999,
        "p(95)": 10923.473170699996
      }
    },
    "_api_content_node_column_layouts_item": {
      "contains": "default",
      "type": "trend",
      "values": {
        "avg": 301.8629743404255,
        "max": 879.696166,
        "med": 294.66087,
        "min": 0,
        "p(90)": 659.8839727999999,
        "p(95)": 797.1419428999997
      }
    },
    "_api_content_node_material_nodes": {
      "contains": "default",
      "type": "trend",
      "values": {
        "avg": 11896.642956777781,
        "max": 38885.380328,
        "med": 9796.213872,
        "min": 1215.436216,
        "p(90)": 21753.9410132,
        "p(95)": 26501.155764799998
      }
    },
    "_api_content_node_material_nodes_item": {
      "contains": "default",
      "type": "trend",
      "values": {
        "avg": 49.01425764444444,
        "max": 768.63244,
        "med": 0,
        "min": 0,
        "p(90)": 111.11890320000026,
        "p(95)": 328.2351287999997
      }
    },
    "_api_content_node_multi_selects": {
      "contains": "default",
      "type": "trend",
      "values": {
        "avg": 1492.2519994,
        "max": 3684.720273,
        "med": 1500.527164,
        "min": 225.496673,
        "p(90)": 2517.7460862000003,
        "p(95)": 3009.4278913999988
      }
    },
    "_api_content_node_multi_selects_item": {
      "contains": "default",
      "type": "trend",
      "values": {
        "avg": 337.2488428444444,
        "max": 796.875031,
        "med": 371.383317,
        "min": 0,
        "p(90)": 659.8620444000001,
        "p(95)": 684.8959017999999
      }
    },
    "_api_content_node_responsive_layouts": {
      "contains": "default",
      "type": "trend",
      "values": {
        "avg": 2735.280694840909,
        "max": 5845.835039,
        "med": 2971.053624,
        "min": 288.168803,
        "p(90)": 4771.2998139,